{"train/loss": 0.0405, "train/learning_rate": 3.872966692486445e-07, "train/epoch": 5.0, "train/global_step": 12910, "_timestamp": 1699452963.540191, "_runtime": 1239.0941410064697, "_step": 12916, "eval/loss": 0.040485408157110214, "eval/precision": 0.8386053199137311, "eval/recall": 0.8529228969400066, "eval/f1": 0.8457035144001596, "eval/accuracy": 0.9838572658421794, "eval/runtime": 25.5693, "eval/samples_per_second": 807.648, "eval/steps_per_second": 25.265, "train/train_runtime": 1215.4512, "train/train_samples_per_second": 339.792, "train/train_steps_per_second": 10.622, "train/total_flos": 1.4015340604481664e+16, "train/train_loss": 0.04616239077853808, "test/loss": 0.040229037404060364, "test/precision": 0.8378871366140984, "test/recall": 0.8506558641975308, "test/f1": 0.8442232219776012, "test/accuracy": 0.9838287199707458, "test/runtime": 24.4328, "test/samples_per_second": 804.941, "test/steps_per_second": 25.171, "_wandb": {"runtime": 1240}}