{"eval/loss": 0.041467033326625824, "eval/precision": 0.8293795964548368, "eval/recall": 0.8484182098765433, "eval/f1": 0.8387908839515591, "eval/accuracy": 0.9832007090958234, "eval/runtime": 25.5218, "eval/samples_per_second": 770.597, "eval/steps_per_second": 24.097, "train/global_step": 0, "_timestamp": 1699455319.285813, "_runtime": 0.6093530654907227, "_step": 0, "_wandb": {"runtime": 0}}